full_name,name,url,description,language,stars,forks,watchers,open_issues,created_at,last_commit_at,days_active,days_since_commit,stars_per_month,is_abandoned,activity_level,project_maturity,popularity_score,data_collected_at
react/react,react,https://github.com/react/react,The library for web and native user interfaces.,JavaScript,246957,51183,246957,1247,2013-05-24T16:15:54Z,2026-08-04T16:30:52Z,4820,0,1527.57,False,Very Active,Mature,188224.8,2026-08-04 20:39:21.795662
vuejs/vue,vue,https://github.com/vuejs/vue,"This is the repo for Vue 2. For Vue 3, go to https://github.com/vuejs/core",TypeScript,210192,33774,210192,637,2013-07-29T03:24:51Z,2024-10-10T07:24:15Z,4754,663,1318.09,True,Abandoned,Mature,157266.6,2026-08-04 20:39:21.795662
angular/angular,angular,https://github.com/angular/angular,Deliver web apps with confidence 🚀,TypeScript,100825,27401,100825,1147,2014-09-18T16:12:01Z,2026-08-04T18:51:28Z,4338,0,692.48,False,Very Active,Mature,78797.8,2026-08-04 20:39:21.795662
sveltejs/svelte,svelte,https://github.com/sveltejs/svelte,web development for the rest of us,JavaScript,87860,5176,87860,1116,2016-11-20T18:13:05Z,2026-08-02T08:37:26Z,3544,2,737.49,False,Very Active,Mature,63054.8,2026-08-04 20:39:21.795662
vercel/next.js,next.js,https://github.com/vercel/next.js,The React Framework,JavaScript,141358,31678,141358,4314,2016-10-05T23:32:51Z,2026-08-05T00:28:28Z,3590,-1,1171.48,False,Very Active,Mature,108454.0,2026-08-04 20:39:21.795662
remix-run/remix,remix,https://github.com/remix-run/remix,"Build Better Websites. Create modern, resilient user experiences with web fundamentals.",TypeScript,33280,2790,33280,65,2020-10-26T19:57:28Z,2026-08-04T19:17:30Z,2108,0,466.98,False,Very Active,Mature,24133.0,2026-08-04 20:39:21.795662
nuxt/nuxt,nuxt,https://github.com/nuxt/nuxt,the full-stack Vue framework,TypeScript,60724,5780,60724,538,2016-10-26T11:18:47Z,2026-08-04T21:53:52Z,3569,0,506.17,False,Very Active,Mature,44240.8,2026-08-04 20:39:21.795662
withastro/astro,astro,https://github.com/withastro/astro,The web framework for content-driven websites. ⭐️ Star to support our work!,TypeScript,61542,3682,61542,112,2021-03-15T17:19:47Z,2026-08-04T23:58:40Z,1968,0,924.05,False,Very Active,Mature,44184.0,2026-08-04 20:39:21.795662
QwikDev/qwik,qwik,https://github.com/QwikDev/qwik,"Instant-loading web apps, without effort",TypeScript,22037,1395,22037,161,2021-05-19T15:33:32Z,2026-08-04T21:14:32Z,1903,0,342.01,False,Very Active,Mature,15844.4,2026-08-04 20:39:21.795662
solidjs/solid,solid,https://github.com/solidjs/solid,"A declarative, efficient, and flexible JavaScript library for building user interfaces.",TypeScript,35795,1086,35795,29,2018-04-24T16:36:27Z,2026-08-05T00:03:24Z,3024,-1,351.62,False,Very Active,Mature,25382.3,2026-08-04 20:39:21.795662
expressjs/express,express,https://github.com/expressjs/express,"Fast, unopinionated, minimalist web framework for node.",JavaScript,69314,24547,69314,225,2009-06-26T18:56:01Z,2026-08-01T09:58:10Z,6248,3,331.22,False,Very Active,Mature,55883.9,2026-08-04 20:39:21.795662
django/django,django,https://github.com/django/django,The Web framework for perfectionists with deadlines.,Python,88350,34101,88350,443,2012-04-28T02:47:18Z,2026-08-04T18:57:56Z,5211,0,505.72,False,Very Active,Mature,72075.3,2026-08-04 20:39:21.795662
rails/rails,rails,https://github.com/rails/rails,Ruby on Rails,Ruby,58675,22346,58675,1589,2008-04-11T02:19:47Z,2026-08-04T19:56:41Z,6689,0,261.98,False,Very Active,Mature,47776.3,2026-08-04 20:39:21.795662
gin-gonic/gin,gin,https://github.com/gin-gonic/gin,"Gin is a high-performance HTTP web framework written in Go. It provides a Martini-like API but with significantly better performance—up to 40 times faster—thanks to httprouter. Gin is designed for building REST APIs, web applications, and microservices.",Go,89033,8657,89033,745,2014-06-16T23:57:25Z,2026-08-04T22:34:04Z,4432,0,598.61,False,Very Active,Mature,64920.2,2026-08-04 20:39:21.795662
actix/actix-web,actix-web,https://github.com/actix/actix-web,"Actix Web is a powerful, pragmatic, and extremely fast web framework for Rust.",Rust,24762,1878,24762,198,2017-09-30T15:30:02Z,2026-08-05T00:33:49Z,3230,-1,227.87,False,Very Active,Mature,17896.8,2026-08-04 20:39:21.795662
fastapi/fastapi,fastapi,https://github.com/fastapi/fastapi,"FastAPI framework, high performance, easy to learn, fast to code, ready for production",Python,101305,9728,101305,76,2018-12-08T08:21:47Z,2026-08-04T16:21:33Z,2796,0,1075.42,False,Very Active,Mature,73831.9,2026-08-04 20:39:21.795662
nestjs/nest,nest,https://github.com/nestjs/nest,"A progressive Node.js framework for building efficient, scalable, and enterprise-grade server-side applications with TypeScript/JavaScript 🚀",TypeScript,76316,8500,76316,42,2017-02-04T20:12:52Z,2026-08-04T14:11:32Z,3468,0,654.51,False,Very Active,Mature,55971.2,2026-08-04 20:39:21.795662
meteor/meteor,meteor,https://github.com/meteor/meteor,"Meteor, the JavaScript App Platform",JavaScript,44808,5241,44808,416,2012-01-19T01:58:17Z,2026-08-04T21:20:16Z,5311,0,251.68,False,Very Active,Mature,32937.9,2026-08-04 20:39:21.795662
eclipse-vertx/vert.x,vert.x,https://github.com/eclipse-vertx/vert.x,Vert.x is a tool-kit for building reactive applications on the JVM,Java,14680,2118,14680,217,2011-06-17T14:54:55Z,2026-08-04T16:54:12Z,5527,0,79.25,False,Very Active,Mature,10911.4,2026-08-04 20:39:21.795662
grpc/grpc,grpc,https://github.com/grpc/grpc,"C++ based gRPC (C++, Python, Ruby, Objective-C, PHP, C#)",C++,45246,11349,45246,1380,2014-12-08T18:58:53Z,2026-08-04T22:29:58Z,4257,0,316.63,False,Very Active,Mature,35076.9,2026-08-04 20:39:21.795662
tensorflow/tensorflow,tensorflow,https://github.com/tensorflow/tensorflow,An Open Source Machine Learning Framework for Everyone,C++,196805,75851,196805,3013,2015-11-07T01:19:20Z,2026-08-05T00:33:18Z,3923,-1,1493.59,False,Very Active,Mature,160518.8,2026-08-04 20:39:21.795662
pytorch/pytorch,pytorch,https://github.com/pytorch/pytorch,Tensors and Dynamic neural networks in Python with strong GPU acceleration,Python,102181,28709,102181,18461,2016-08-13T05:26:41Z,2026-08-05T00:26:05Z,3643,-1,834.58,False,Very Active,Mature,80139.4,2026-08-04 20:39:21.795662
scikit-learn/scikit-learn,scikit-learn,https://github.com/scikit-learn/scikit-learn,scikit-learn: machine learning in Python,Python,66880,27257,66880,2111,2010-08-17T09:43:38Z,2026-08-04T15:06:09Z,5831,0,342.33,False,Very Active,Mature,54993.1,2026-08-04 20:39:21.795662
pandas-dev/pandas,pandas,https://github.com/pandas-dev/pandas,"Flexible and powerful data analysis / manipulation library for Python, providing labeled data structures similar to R data.frame objects, statistical functions, and much more",Python,49418,20228,49418,2894,2010-08-24T01:37:33Z,2026-08-05T00:29:49Z,5824,-1,253.25,False,Very Active,Mature,40661.0,2026-08-04 20:39:21.795662
numpy/numpy,numpy,https://github.com/numpy/numpy,The fundamental package for scientific computing with Python.,Python,32486,12613,32486,2319,2010-09-13T23:02:39Z,2026-08-04T21:05:41Z,5804,0,167.05,False,Very Active,Mature,26524.1,2026-08-04 20:39:21.795662
mwaskom/seaborn,seaborn,https://github.com/mwaskom/seaborn,Statistical data visualization in Python,Python,13987,2130,13987,222,2012-06-18T18:41:19Z,2026-07-06T02:11:55Z,5160,29,80.85,False,Very Active,Mature,10429.9,2026-08-04 20:39:21.795662
plotly/plotly.py,plotly.py,https://github.com/plotly/plotly.py,The interactive graphing library for Python :sparkles:,Python,18716,2833,18716,774,2013-11-21T05:53:08Z,2026-08-01T12:45:31Z,4639,3,120.26,False,Very Active,Mature,13951.1,2026-08-04 20:39:21.795662
apache/spark,spark,https://github.com/apache/spark,Apache Spark - A unified analytics engine for large-scale data processing,Scala,43783,29307,43783,455,2014-02-25T08:00:08Z,2026-08-05T00:15:14Z,4543,-1,287.23,False,Very Active,Mature,39440.2,2026-08-04 20:39:21.795662
dask/dask,dask,https://github.com/dask/dask,Parallel computing with task scheduling,Python,13880,1922,13880,1287,2015-01-04T18:50:00Z,2026-08-03T22:03:26Z,4230,1,97.75,False,Very Active,Mature,10292.6,2026-08-04 20:39:21.795662
ray-project/ray,ray,https://github.com/ray-project/ray,Ray is an AI compute engine. Ray consists of a core distributed runtime and a set of AI Libraries for accelerating ML workloads.,Python,43446,7884,43446,3478,2016-10-25T19:38:30Z,2026-08-05T00:23:00Z,3570,-1,362.05,False,Very Active,Mature,32777.4,2026-08-04 20:39:21.795662
huggingface/transformers,transformers,https://github.com/huggingface/transformers,"🤗 Transformers: the model-definition framework for state-of-the-art machine learning models in text, vision, audio, and multimodal models, for both inference and training. ",Python,163337,34120,163337,2340,2018-10-29T13:56:00Z,2026-08-04T22:41:19Z,2836,0,1709.74,False,Very Active,Mature,124571.9,2026-08-04 20:39:21.795662
ultralytics/yolov5,yolov5,https://github.com/ultralytics/yolov5,"Ultralytics YOLOv5 in PyTorch for object detection, instance segmentation, classification, training, and export.",Python,57799,17472,57799,31,2020-05-18T03:45:11Z,2026-08-02T19:01:35Z,2269,2,754.23,False,Very Active,Mature,45700.9,2026-08-04 20:39:21.795662
opencv/opencv,opencv,https://github.com/opencv/opencv,Open Source Computer Vision Library,C++,90292,56953,90292,2771,2012-07-19T09:40:17Z,2026-08-04T18:01:25Z,5129,0,525.06,False,Very Active,Mature,80290.3,2026-08-04 20:39:21.795662
pytorch/vision,vision,https://github.com/pytorch/vision,"Datasets, Transforms and Models specific to Computer Vision",Python,17849,7239,17849,1183,2016-11-09T23:11:43Z,2026-08-04T23:12:02Z,3555,0,149.36,False,Very Active,Mature,14666.0,2026-08-04 20:39:21.795662
statsmodels/statsmodels,statsmodels,https://github.com/statsmodels/statsmodels,Statsmodels: statistical modeling and econometrics in Python,Python,11552,3556,11552,2879,2011-06-12T17:04:50Z,2026-08-04T22:46:23Z,5532,0,62.31,False,Very Active,Mature,9153.2,2026-08-04 20:39:21.795662
torvalds/linux,linux,https://github.com/torvalds/linux,Linux kernel source tree,C,241683,63746,241683,3,2011-09-04T22:48:12Z,2026-08-04T21:23:40Z,5448,0,1323.57,False,Very Active,Mature,188301.9,2026-08-04 20:39:21.795662
python/cpython,cpython,https://github.com/python/cpython,The Python programming language,Python,74160,35136,74160,9488,2017-02-10T19:23:51Z,2026-08-04T22:02:49Z,3462,0,637.11,False,Very Active,Mature,62452.8,2026-08-04 20:39:21.795662
nodejs/node,node,https://github.com/nodejs/node,Node.js JavaScript runtime ✨🐢🚀✨,JavaScript,118729,36343,118729,1870,2014-11-26T19:57:11Z,2026-08-04T19:45:00Z,4269,0,828.53,False,Very Active,Mature,94013.2,2026-08-04 20:39:21.795662
rust-lang/rust,rust,https://github.com/rust-lang/rust,Empowering everyone to build reliable and efficient software.,Rust,115198,15368,115198,12725,2010-06-16T20:39:03Z,2026-08-04T23:40:01Z,5893,0,583.48,False,Very Active,Mature,85249.0,2026-08-04 20:39:21.795662
golang/go,go,https://github.com/golang/go,The Go programming language,Go,135600,19244,135600,10205,2014-08-19T04:33:40Z,2026-08-05T00:03:28Z,4368,-1,924.97,False,Very Active,Mature,100693.2,2026-08-04 20:39:21.795662
swiftlang/swift,swift,https://github.com/swiftlang/swift,The Swift Programming Language,Swift,70217,10786,70217,9163,2015-10-23T21:15:07Z,2026-08-05T00:26:08Z,3938,-1,530.87,False,Very Active,Mature,52387.7,2026-08-04 20:39:21.795662
dotnet/runtime,runtime,https://github.com/dotnet/runtime,".NET is a cross-platform runtime for cloud, mobile, desktop, and IoT apps.",C#,18143,5531,18143,7647,2019-09-24T23:36:39Z,2026-08-05T00:04:26Z,2506,-1,214.63,False,Very Active,Mature,14359.4,2026-08-04 20:39:21.795662
openjdk/jdk,jdk,https://github.com/openjdk/jdk,JDK main-line development https://openjdk.org/projects/jdk,Java,23183,6396,23183,416,2018-09-17T12:29:20Z,2026-08-04T22:22:25Z,2878,0,239.16,False,Very Active,Mature,18146.9,2026-08-04 20:39:21.795662
vim/vim,vim,https://github.com/vim/vim,The official Vim repository,Vim Script,40703,6105,40703,1617,2015-08-18T21:03:56Z,2026-08-04T21:18:15Z,4004,0,302.7,False,Very Active,Mature,30323.6,2026-08-04 20:39:21.795662
emacs-mirror/emacs,emacs,https://github.com/emacs-mirror/emacs,Mirror of GNU Emacs,Emacs Lisp,5139,1391,5139,16,2014-08-07T06:58:17Z,2026-08-04T18:25:51Z,4380,0,34.96,False,Very Active,Mature,4014.6,2026-08-04 20:39:21.795662
kubernetes/kubernetes,kubernetes,https://github.com/kubernetes/kubernetes,Production-Grade Container Scheduling and Management,Go,124237,43758,124237,2751,2014-06-06T22:56:04Z,2026-08-04T16:54:32Z,4442,0,833.43,False,Very Active,Mature,100093.3,2026-08-04 20:39:21.795662
moby/moby,moby,https://github.com/moby/moby,The Moby Project - a collaborative project for the container ecosystem to assemble container-based systems,Go,71977,19155,71977,3865,2013-01-18T18:10:57Z,2026-08-04T20:39:21Z,4946,0,433.94,False,Very Active,Mature,56130.4,2026-08-04 20:39:21.795662
opencontainers/image-spec,image-spec,https://github.com/opencontainers/image-spec,OCI Image Format,Go,4430,875,4430,73,2016-03-22T19:34:41Z,2026-07-09T17:22:16Z,3787,26,34.82,False,Very Active,Mature,3363.5,2026-08-04 20:39:21.795662
containerd/containerd,containerd,https://github.com/containerd/containerd,An open and reliable container runtime,Go,21064,4043,21064,537,2015-11-13T00:27:43Z,2026-08-03T19:59:50Z,3917,1,160.1,False,Very Active,Mature,15957.7,2026-08-04 20:39:21.795662
hashicorp/terraform,terraform,https://github.com/hashicorp/terraform,"Terraform enables you to safely and predictably create, change, and improve infrastructure. It is a source-available tool that codifies APIs into declarative configuration files that can be shared amongst team members, treated as code, edited, reviewed, and versioned.",Go,49403,10593,49403,1913,2014-03-13T22:25:48Z,2026-08-04T21:24:06Z,4527,0,325.23,False,Very Active,Mature,37760.0,2026-08-04 20:39:21.795662
hashicorp/nomad,nomad,https://github.com/hashicorp/nomad,"Nomad is an easy-to-use, flexible, and performant workload orchestrator that can deploy a mix of microservice, batch, containerized, and non-containerized applications. Nomad is easy to operate and scale and has native Consul and Vault integrations.",Go,16777,2122,16777,1634,2015-06-01T10:21:00Z,2026-08-04T21:01:08Z,4082,0,122.4,False,Very Active,Mature,12380.5,2026-08-04 20:39:21.795662
prometheus/prometheus,prometheus,https://github.com/prometheus/prometheus,The Prometheus monitoring system and time series database.,Go,65550,10738,65550,887,2012-11-24T11:14:12Z,2026-08-04T22:44:03Z,5001,0,390.88,False,Very Active,Mature,49106.4,2026-08-04 20:39:21.795662
etcd-io/etcd,etcd,https://github.com/etcd-io/etcd,Distributed reliable key-value store for the most critical data of a distributed system,Go,52069,10445,52069,295,2013-07-06T21:57:21Z,2026-08-04T00:31:08Z,4777,0,324.96,False,Very Active,Mature,39581.8,2026-08-04 20:39:21.795662
postgres/postgres,postgres,https://github.com/postgres/postgres,"Mirror of the official PostgreSQL GIT repository. Note that this is just a *mirror* - we don't work with pull requests on github. To contribute, please see https://wiki.postgresql.org/wiki/Submitting_a_Patch",C,21693,5829,21693,0,2010-09-21T11:35:45Z,2026-08-04T22:12:01Z,5796,0,111.7,False,Very Active,Mature,16933.8,2026-08-04 20:39:21.795662
mysql/mysql-server,mysql-server,https://github.com/mysql/mysql-server,"MySQL Server, the world's most popular open source database, and MySQL Cluster, a real-time, open source transactional database.",C++,12364,4317,12364,29,2014-09-26T09:31:03Z,2026-07-31T15:43:43Z,4330,4,85.07,False,Very Active,Mature,9949.9,2026-08-04 20:39:21.795662
eslint/eslint,eslint,https://github.com/eslint/eslint,Find and fix problems in your JavaScript code.,JavaScript,27442,5144,27442,118,2013-06-29T23:59:48Z,2026-08-04T08:59:24Z,4784,0,171.01,False,Very Active,Mature,20752.6,2026-08-04 20:39:21.795662
jestjs/jest,jest,https://github.com/jestjs/jest,Delightful JavaScript Testing.,TypeScript,45463,6725,45463,235,2013-12-10T00:18:04Z,2026-08-03T13:59:31Z,4620,1,293.31,False,Very Active,Mature,33841.6,2026-08-04 20:39:21.795662
reduxjs/redux,redux,https://github.com/reduxjs/redux,A JS library for predictable global state management,TypeScript,61511,15208,61511,49,2015-05-29T23:53:15Z,2026-08-02T00:52:12Z,4085,2,448.44,False,Very Active,Mature,47620.1,2026-08-04 20:39:21.795662
vuejs/vuex,vuex,https://github.com/vuejs/vuex,🗃️ Centralized State Management for Vue.js.,JavaScript,28329,9435,28329,143,2015-07-16T04:21:26Z,2024-09-25T13:26:41Z,4037,678,208.97,True,Abandoned,Mature,22660.8,2026-08-04 20:39:21.795662
pydantic/pydantic,pydantic,https://github.com/pydantic/pydantic,Data validation using Python type hints,Python,28467,2845,28467,579,2017-05-03T21:23:58Z,2026-08-04T21:44:05Z,3380,0,250.44,False,Very Active,Mature,20780.4,2026-08-04 20:39:21.795662
pallets/flask,flask,https://github.com/pallets/flask,The Python micro framework for building web applications.,Python,72112,16925,72112,7,2010-04-06T11:11:59Z,2026-07-30T17:29:53Z,5964,5,360.92,False,Very Active,Mature,55555.9,2026-08-04 20:39:21.795662
aio-libs/aiohttp,aiohttp,https://github.com/aio-libs/aiohttp,Asynchronous HTTP client/server framework for asyncio and Python,Python,16508,2362,16508,218,2013-10-01T23:04:01Z,2026-08-04T11:39:05Z,4690,0,104.92,False,Very Active,Mature,12264.2,2026-08-04 20:39:21.795662
sqlalchemy/sqlalchemy,sqlalchemy,https://github.com/sqlalchemy/sqlalchemy,The Database Toolkit for Python,Python,12047,1737,12047,212,2018-11-27T03:35:03Z,2026-08-04T20:48:04Z,2807,0,127.39,False,Very Active,Mature,8954.0,2026-08-04 20:39:21.795662
psf/requests,requests,https://github.com/psf/requests,"A simple, yet elegant, HTTP library.",Python,54212,10068,54212,234,2011-02-13T18:38:17Z,2026-08-03T17:52:46Z,5651,1,286.28,False,Very Active,Mature,40968.8,2026-08-04 20:39:21.795662
aws/aws-cli,aws-cli,https://github.com/aws/aws-cli,Universal Command Line Interface for Amazon Web Services,Python,17165,4624,17165,682,2012-11-20T16:07:36Z,2026-08-04T21:21:28Z,5005,0,102.27,False,Very Active,Mature,13402.7,2026-08-04 20:39:21.795662
Azure/azure-cli,azure-cli,https://github.com/Azure/azure-cli,Azure Command-Line Interface,Python,4592,3459,4592,4005,2016-02-04T00:21:51Z,2026-08-05T00:10:19Z,3834,-1,35.65,False,Very Active,Mature,4252.1,2026-08-04 20:39:21.795662
serverless/serverless,serverless,https://github.com/serverless/serverless,"⚡ Serverless Framework – Effortlessly build apps that auto-scale, incur zero costs when idle, and require minimal maintenance using AWS Lambda and other managed cloud services.",JavaScript,46919,5731,46919,1223,2015-04-21T03:48:40Z,2026-08-04T12:36:30Z,4123,0,338.93,False,Very Active,Mature,34562.6,2026-08-04 20:39:21.795662
hashicorp/vagrant,vagrant,https://github.com/hashicorp/vagrant,Vagrant is a tool for building and distributing development environments.,Ruby,27200,4403,27200,753,2010-01-21T08:34:27Z,2026-08-03T08:01:11Z,6039,1,134.45,False,Very Active,Mature,20360.9,2026-08-04 20:39:21.795662
ansible/ansible,ansible,https://github.com/ansible/ansible,"Ansible is a radically simple IT automation platform that makes your applications and systems easier to deploy and maintain. Automate everything from code deployment to network configuration to cloud management, in a language that approaches plain English, using SSH, with no agents to install on remote systems. https://docs.ansible.com.",Python,70213,24316,70213,814,2012-03-06T14:58:02Z,2026-08-04T15:21:07Z,5264,0,397.88,False,Very Active,Mature,56443.9,2026-08-04 20:39:21.795662
saltstack/salt,salt,https://github.com/saltstack/salt,Software to automate the management and configuration of infrastructure and applications at scale.,Python,15598,5607,15598,1909,2011-02-20T20:16:56Z,2026-08-04T23:42:49Z,5644,0,82.47,False,Very Active,Mature,12600.7,2026-08-04 20:39:21.795662
pulumi/pulumi,pulumi,https://github.com/pulumi/pulumi,Pulumi - Infrastructure as Code in any programming language 🚀,Go,25526,1411,25526,2466,2016-10-31T21:02:47Z,2026-08-04T22:03:37Z,3564,0,213.07,False,Very Active,Mature,18291.5,2026-08-04 20:39:21.795662
chef/chef,chef,https://github.com/chef/chef,"Chef Infra, a powerful automation platform that transforms infrastructure into code automating how infrastructure is configured, deployed and managed across any environment, at any scale",Ruby,8229,2519,8229,358,2009-01-15T20:40:48Z,2026-08-04T22:24:08Z,6410,0,38.33,False,Very Active,Mature,6516.0,2026-08-04 20:39:21.795662
puppetlabs/puppet,puppet,https://github.com/puppetlabs/puppet,Server automation framework and application,Ruby,7916,2212,7916,98,2010-09-14T19:26:44Z,2026-03-16T11:58:10Z,5803,141,40.71,False,Moderately Active,Mature,6204.8,2026-08-04 20:39:21.795662
